Workbook

Sheet عملکرد نهایی
AM2: پیوست شماره سه
E4: گزارش عملکرد بنیاد مسکن انقلاب اسلامی در تامین ودیعه اسکان موقت، آواربرداری و بازسازی واحدهای مسکونی، تجاری و اداری بخش خصوصی در کلان شهرها و شهرهای زیر یک میلیون نفر جمعیت و روستاهای کشور آسیب دیده از جنگ رمضان ( اسفند 1404 )
E5: تاریخ گزارش : 1405/05/22
B6: تفکیک جمعیتی | C6: ردیف | D6: استان | E6: اسکان موقت | H6: برنامه | U6: عملکرد | AP6: محاسبات تنخواه مرحله دوم تعمیرات جزیی | AR6: تنخواه مرحله دوم تعمیرات جزیی فقط مسکونی | AX6: تنخواه مرحله دوم تعمیرات جزیی مجموع تجاری و مسکونی
E7: تعداد واحد ودیعه مسکن معرفی شده | F7: تعداد واحد ودیعه مسکن پرداخت شده | G7: مبلغ کل تسهیلات پرداخت شده (میلیارد تومان) | H7: احداثی | J7: آواربرداری | K7: تعمیری یک | N7: تعمیری دو | Q7: تعمیری نوع سه -تعمیرات جزیی درب و پنجره و تعویض شیشه | T7: مجموع تعمیرات | U7: پروانه ساختمانی و نقشه های اجرایی واحدهای احداثی و مقاوم سازی | Y7: احداثی | AF7: تعمیری یک | AI7: تعمیری دو | AL7: تعمیری نوع سه -تعمیرات جزیی درب و پنجره و تعویض شیشه | AO7: مجموع تعمیرات انجام شده | AP7: تعداد تعمیری نوع سه | AQ7: مبلغ کل (میلیون ريال) | AR7: سهم استان | AS7: توزیع مرحله دوم | AX7: مبلغ کل (میلیون ريال) | AY7: سهم استان
H8: مسکونی | I8: تجاری | K8: مسکونی | L8: تجاری | M8: مجموع | N8: مسکونی | O8: تجاری | P8: مجموع | Q8: مسکونی | R8: تجاری | S8: مجموع | U8: معرفی به نظام مهندسی | V8: نقشه تهیه شده | W8: معرفی به شهرداری | X8: پروانه صادر شده | Y8: پی کنی | Z8: فونداسیون | AA8: دیوارچینی | AB8: اسکلت | AC8: سقف | AD8: سفتکاری | AE8: نازک کاری | AF8: مسکونی | AG8: تجاری | AH8: مجموع | AI8: مسکونی | AJ8: تجاری | AK8: مجموع | AL8: مسکونی | AM8: تجاری | AN8: مجموع
B9: کلان شهرها (شهرهای با جمعیت یک میلیون نفر و بیشتر) | C9: 1 | D9: آذربایجان شرقی (کلان شهر تبریز) | E9: 0 | F9: 0 | G9: 0 | H9: 0 | I9: 0 | J9: ='[1]عملکرد کلان شهرها'!S8 -> 0 | K9: ='ارزیابی و برآورد'!O11 -> 34 | L9: ='ارزیابی و برآورد'!P11 -> 6 | M9: =K9+L9 -> 40 | N9: ='ارزیابی و برآورد'!U11 -> 202 | O9: ='ارزیابی و برآورد'!V11 -> 49 | P9: =N9+O9 -> 251 | Q9: ='ارزیابی و برآورد'!AA11 -> 2316 | R9: ='ارزیابی و برآورد'!AB11 -> 354 | S9: =Q9+R9 -> 2670 | T9: =M9+P9+S9 -> 2961 | U9: ='[1]عملکرد کلان شهرها'!K8 -> 0 | V9: ='[1]عملکرد کلان شهرها'!L8 -> 0 | W9: ='[1]عملکرد کلان شهرها'!O8 -> 0 | X9: ='[1]عملکرد کلان شهرها'!P8 -> 0 | AF9: 1 | AG9: 0 | AH9: =AF9+AG9 -> 1 | AI9: 67 | AJ9: 0 | AK9: =AI9+AJ9 -> 67 | AL9: 473 | AM9: 0 | AN9: =AL9+AM9 -> 473 | AO9: =AN9+AK9+AH9 -> 541 | AP9: =#REF!*0.1*0.79 -> #REF! | AQ9: 180 | AR9: 40 | AU9: =R9 -> 354 | AV9: =AU9*100*0.64 -> 22656 | AW9: 200 | AX9: 50
C10: 2 | D10: البرز (کلان شهر کرج) | E10: 0 | F10: 0 | G10: 0 | H10: 0 | I10: 0 | J10: 0 | K10: ='ارزیابی و برآورد'!O13 -> 73 | L10: ='ارزیابی و برآورد'!P13 -> 3 | M10: =L10+K10 -> 76 | N10: ='ارزیابی و برآورد'!U13 -> 1357 | O10: ='ارزیابی و برآورد'!V13 -> 133 | P10: =O10+N10 -> 1490 | Q10: ='ارزیابی و برآورد'!AA13 -> 633 | R10: ='ارزیابی و برآورد'!AB13 -> 77 | S10: =R10+Q10 -> 710 | T10: =M10+P10+S10 -> 2276 | U10: 0 | V10: 0 | W10: 0 | X10: 0 | AF10: 0 | AG10: 0 | AH10: 0 | AI10: 0 | AJ10: 0 | AK10: 0 | AL10: 540 | AM10: 0 | AN10: =AL10+AM10 -> 540 | AO10: =AN10+AK10+AH10 -> 540
C11: 3 | D11: قم (کلان شهر قم) | E11: 0 | F11: 0 | G11: 0 | H11: 0 | I11: 0 | J11: 1 | K11: ='ارزیابی و برآورد'!O16 -> 198 | L11: ='ارزیابی و برآورد'!P16 -> 45 | M11: =K11+L11 -> 243 | N11: ='ارزیابی و برآورد'!U16 -> 930 | O11: ='ارزیابی و برآورد'!V16 -> 220 | P11: =N11+O11 -> 1150 | Q11: ='ارزیابی و برآورد'!AA16 -> 821 | R11: ='ارزیابی و برآورد'!AB16 -> 204 | S11: =Q11+R11 -> 1025 | T11: =M11+P11+S11 -> 2418 | U11: 0 | V11: ='[1]عملکرد کلان شهرها'!L13 -> 0 | W11: ='[1]عملکرد کلان شهرها'!O13 -> 0 | X11: ='[1]عملکرد کلان شهرها'!P13 -> 0 | AF11: 64 | AG11: 10 | AH11: =AF11+AG11 -> 74 | AI11: 360 | AJ11: 51 | AK11: =AI11+AJ11 -> 411 | AL11: 755 | AM11: 110 | AN11: =AL11+AM11 -> 865 | AO11: =AH11+AK11+AN11 -> 1350 | AP11: =#REF!*0.1*0.79 -> #REF! | AQ11: 180 | AR11: 60 | AU11: =R11 -> 204 | AV11: =AU11*100*0.64 -> 13056 | AW11: 170 | AX11: 70
C12: 4 | D12: کرمانشاه (کلان شهر کرمانشاه) | E12: 232 | F12: 221 | G12: 154.7 | H12: 105 | I12: 2 | J12: =105-48 -> 57 | K12: ='ارزیابی و برآورد'!O17 -> 164 | L12: ='ارزیابی و برآورد'!P17 -> 24 | M12: =K12+L12 -> 188 | N12: ='ارزیابی و برآورد'!U17 -> 260 | O12: ='ارزیابی و برآورد'!V17 -> 52 | P12: =N12+O12 -> 312 | Q12: ='ارزیابی و برآورد'!AA17 -> 2765 | R12: ='ارزیابی و برآورد'!AB17 -> 487 | S12: =Q12+R12 -> 3252 | T12: =M12+P12+S12 -> 3752 | U12: 108 | V12: 12 | W12: 107 | X12: 5 | Y12: 2 | Z12: 2 | AB12: 1 | AF12: 65 | AG12: 2 | AH12: =AF12+AG12 -> 67 | AI12: 138 | AJ12: 34 | AK12: =AI12+AJ12 -> 172 | AL12: 1994 | AM12: 183 | AN12: =AL12+AM12 -> 2177 | AO12: =AH12+AK12+AN12 -> 2416
C13: جمع عملکرد بنیاد مسکن در کلان شهرها | E13: =SUM(E9:E12) -> 232 | F13: =SUM(F9:F12) -> 221 | G13: =SUM(G9:G12) -> 154.7 | H13: =SUM(H9:H12) -> 105 | I13: =SUM(I9:I12) -> 2 | J13: =SUM(J9:J12) -> 58 | K13: =SUM(K9:K12) -> 469 | L13: =SUM(L9:L12) -> 78 | ... AD13: =SUM(AD9:AD12) -> 0 | AF13: =SUM(AF9:AF12) -> 130 | AG13: =SUM(AG9:AG12) -> 12 | AH13: =SUM(AH9:AH12) -> 142 | AI13: =SUM(AI9:AI12) -> 565 | AJ13: =SUM(AJ9:AJ12) -> 85 | AK13: =SUM(AK9:AK12) -> 650 | AL13: =SUM(AL9:AL12) -> 3762 | AM13: =SUM(AM9:AM12) -> 293 | ... AY13: =SUM(AY9:AY12) -> 0 | BC13: 1405/02/14 | BD13: 1405/02/12 | BE13: 1405/02/09 | BF13: 1405/02/07 | BG13: 1405/02/06 | BH13: 1405/02/04 | BI13: 1405/02/03 | BJ13: 1405/02/02 | BK13: 1405/02/01
B15: سایر شهرها (کمتر از یک میلیون نفر جمعیت) و روستاها | C15: 1 | D15: آذربایجان شرقی | E15: 120 | F15: 115 | G15: 46.1 | H15: ='ارزیابی و برآورد'!I20 -> 40 | I15: ='ارزیابی و برآورد'!J20 -> 16 | J15: 62 | K15: ='ارزیابی و برآورد'!O20 -> 118 | L15: ='ارزیابی و برآورد'!P20 -> 21 | M15: =K15+L15 -> 139 | N15: ='ارزیابی و برآورد'!U20 -> 1104 | O15: ='ارزیابی و برآورد'!V20 -> 328 | P15: =N15+O15 -> 1432 | Q15: ='ارزیابی و برآورد'!AA20 -> 2490 | R15: ='ارزیابی و برآورد'!AB20 -> 987 | S15: =Q15+R15 -> 3477 | T15: =S15+P15+M15 -> 5048 | U15: 55 | V15: 36 | W15: 55 | X15: 19 | Y15: 23 | Z15: 2 | AA15: 1 | AB15: 1 | AF15: 32 | AG15: 5 | AH15: =AF15+AG15 -> 37 | AI15: 613 | AJ15: 112 | AK15: =AI15+AJ15 -> 725 | AL15: 2054 | AM15: 604 | AN15: =AL15+AM15 -> 2658 | AO15: =AN15+AK15+AH15 -> 3420 | AP15: =Q15 -> 2490 | AQ15: =AP15*0.1*0.78 -> 194.22 | AR15: 180 | AS15: 40 | AV15: =S15 -> 3477 | AW15: =AV15*100*0.64 -> 222528 | AX15: 200 | AY15: 50 | BB15: آذربایچان شرقی | BE15: بروز شد
C16: 2 | D16: اصفهان | E16: 249 | F16: 245 | G16: 128.8 | H16: ='ارزیابی و برآورد'!I21 -> 22 | I16: ='ارزیابی و برآورد'!J21 -> 16 | J16: 10 | K16: ='ارزیابی و برآورد'!O21 -> 360 | L16: ='ارزیابی و برآورد'!P21 -> 23 | M16: =K16+L16 -> 383 | N16: ='ارزیابی و برآورد'!U21 -> 1563 | O16: ='ارزیابی و برآورد'!V21 -> 143 | P16: =N16+O16 -> 1706 | Q16: ='ارزیابی و برآورد'!AA21 -> 4073 | R16: ='ارزیابی و برآورد'!AB21 -> 374 | S16: =Q16+R16 -> 4447 | T16: =S16+P16+M16 -> 6536 | U16: 38 | V16: 10 | W16: 38 | X16: 5 | Y16: 4 | Z16: 2 | AB16: 1 | AC16: 1 | AF16: 62 | AG16: 2 | AH16: =AF16+AG16 -> 64 | AI16: 400 | AJ16: 18 | AK16: =AI16+AJ16 -> 418 | AL16: 2871 | AM16: 147 | AN16: =AL16+AM16 -> 3018 | AO16: =AN16+AK16+AH16 -> 3500 | AP16: =Q16 -> 4073 | AQ16: =AP16*0.1*0.78 -> 317.694 | AR16: 190 | AS16: 80 | AV16: =S16 -> 4447 | AW16: =AV16*100*0.64 -> 284608 | AX16: 170 | AY16: 70 | BB16: اصفهان | BE16: بروز شد | BI16: بروز شد
C17: 3 | D17: البرز | E17: 189 | F17: 189 | G17: 116.6 | H17: ='ارزیابی و برآورد'!I22 -> 59 | I17: ='ارزیابی و برآورد'!J22 -> 23 | J17: 0 | K17: ='ارزیابی و برآورد'!O22 -> 350 | L17: ='ارزیابی و برآورد'!P22 -> 22 | M17: =K17+L17 -> 372 | N17: ='ارزیابی و برآورد'!U22 -> 699 | O17: ='ارزیابی و برآورد'!V22 -> 66 | P17: =N17+O17 -> 765 | Q17: ='ارزیابی و برآورد'!AA22 -> 1351 | R17: ='ارزیابی و برآورد'!AB22 -> 222 | S17: =Q17+R17 -> 1573 | T17: =S17+P17+M17 -> 2710 | U17: 92 | V17: 0 | W17: 83 | X17: 0 | AF17: 154 | AG17: 4 | AH17: =AF17+AG17 -> 158 | AI17: 415 | AJ17: 18 | AK17: =AI17+AJ17 -> 433 | AL17: 1223 | AM17: 226 | AN17: =AL17+AM17 -> 1449 | AO17: =AN17+AK17+AH17 -> 2040 | AP17: =Q17 -> 1351 | AQ17: =AP17*0.1*0.78 -> 105.378 | AR17: 70 | AS17: 40 | AV17: =S17 -> 1573 | AW17: =AV17*100*0.64 -> 100672 | AX17: 70 | AY17: 30 | BB17: البرز | BC17: بروز شد | BE17: بروز شد | BF17: بروز شد | BJ17: بروز شد (نسبت به آمار قبلی تغییری ایجاد نشد) | BK17: بروز شد
C18: 4 | D18: خوزستان | E18: 138 | F18: 128 | G18: 68.1 | H18: ='ارزیابی و برآورد'!I23 -> 59 | I18: ='ارزیابی و برآورد'!J23 -> 6 | J18: 23 | K18: ='ارزیابی و برآورد'!O23 -> 351 | L18: ='ارزیابی و برآورد'!P23 -> 5 | M18: =K18+L18 -> 356 | N18: ='ارزیابی و برآورد'!U23 -> 3662 | O18: ='ارزیابی و برآورد'!V23 -> 264 | P18: =N18+O18 -> 3926 | Q18: ='ارزیابی و برآورد'!AA23 -> 2496 | R18: ='ارزیابی و برآورد'!AB23 -> 404 | S18: =Q18+R18 -> 2900 | T18: =S18+P18+M18 -> 7182 | U18: 53 | V18: 31 | W18: 65 | X18: 31 | Y18: 17 | Z18: 6 | AA18: 5 | AB18: 5 | AC18: 2 | AD18: 1 | AF18: 22 | AG18: 2 | AH18: =AF18+AG18 -> 24 | AI18: 843 | AJ18: 9 | AK18: =AI18+AJ18 -> 852 | AL18: 2444 | AM18: 236 | AN18: =AL18+AM18 -> 2680 | AO18: =AN18+AK18+AH18 -> 3556 | AP18: =Q18 -> 2496 | AQ18: =AP18*0.1*0.78 -> 194.688 | AR18: 130 | AS18: 50 | AT18: مبلغ شهرداری اعتباری و با علام بنیاد پرداخت می شود | AV18: =S18 -> 2900 | AW18: =AV18*100*0.64 -> 185600 | AX18: 125 | AY18: 40 | BB18: خوزستان | BC18: بروز شد (نسبت به آمار قبلی تغییری ایجاد نشد) | BD18: بروز شد | BF18: بروز شد (نسبت به آمار قبلی تغییری ایجاد نشد) | BG18: بروز شد | BJ18: بروز شد
C19: 5 | D19: فارس | E19: 68 | F19: 60 | G19: 36 | H19: ='ارزیابی و برآورد'!I24 -> 9 | I19: ='ارزیابی و برآورد'!J24 -> 0 | J19: 4 | K19: ='ارزیابی و برآورد'!O24 -> 156 | L19: ='ارزیابی و برآورد'!P24 -> 15 | M19: =K19+L19 -> 171 | N19: ='ارزیابی و برآورد'!U24 -> 33 | O19: ='ارزیابی و برآورد'!V24 -> 3 | P19: =N19+O19 -> 36 | Q19: ='ارزیابی و برآورد'!AA24 -> 81 | R19: ='ارزیابی و برآورد'!AB24 -> 3 | S19: =Q19+R19 -> 84 | T19: =S19+P19+M19 -> 291 | U19: 9 | V19: 9 | W19: 9 | X19: 9 | AF19: 22 | AG19: 3 | AH19: =AF19+AG19 -> 25 | AI19: 33 | AJ19: 1 | AK19: =AI19+AJ19 -> 34 | AL19: 72 | AM19: 0 | AN19: =AL19+AM19 -> 72 | AO19: =AN19+AK19+AH19 -> 131 | AP19: =Q19 -> 81 | AQ19: =AP19*0.1*0.78 -> 6.318 | AR19: 20 | AS19: 0 | AV19: =S19 -> 84 | AW19: =AV19*100*0.64 -> 5376 | AX19: 20 | AY19: 0 | BB19: فارس
C20: 6 | D20: قم | E20: 0 | F20: 0 | G20: 0 | H20: ='ارزیابی و برآورد'!I25 -> 0 | I20: ='ارزیابی و برآورد'!J25 -> 0 | J20: 0 | K20: ='ارزیابی و برآورد'!O25 -> 0 | L20: ='ارزیابی و برآورد'!P25 -> 0 | M20: =K20+L20 -> 0 | N20: ='ارزیابی و برآورد'!U25 -> 21 | O20: ='ارزیابی و برآورد'!V25 -> 0 | P20: =N20+O20 -> 21 | Q20: ='ارزیابی و برآورد'!AA25 -> 42 | R20: ='ارزیابی و برآورد'!AB25 -> 0 | S20: =Q20+R20 -> 42 | T20: =S20+P20+M20 -> 63 | U20: 0 | V20: 0 | W20: 0 | X20: 0 | Y20: واحد احداثی آسیب دیده ندارند | AF20: 0 | AG20: 0 | AH20: =AF20+AG20 -> 0 | AI20: 21 | AJ20: 0 | AK20: =AI20+AJ20 -> 21 | AL20: 42 | AM20: 0 | AN20: =AL20+AM20 -> 42 | AO20: =AN20+AK20+AH20 -> 63 | AP20: =Q20 -> 42 | AQ20: =AP20*0.1*0.78 -> 3.276 | AR20: 10 | AS20: 0 | AV20: =S20 -> 42 | AW20: =AV20*100*0.64 -> 2688 | AX20: 10 | AY20: 0 | BB20: قم | BC20: بروز شد
C21: 7 | D21: کرمانشاه | E21: 265 | F21: 256 | G21: 142.8 | H21: ='ارزیابی و برآورد'!I26 -> 50 | I21: ='ارزیابی و برآورد'!J26 -> 11 | J21: 48 | K21: ='ارزیابی و برآورد'!O26 -> 236 | L21: ='ارزیابی و برآورد'!P26 -> 31 | M21: =K21+L21 -> 267 | N21: ='ارزیابی و برآورد'!U26 -> 969 | O21: ='ارزیابی و برآورد'!V26 -> 86 | P21: =N21+O21 -> 1055 | Q21: ='ارزیابی و برآورد'!AA26 -> 8520 | R21: ='ارزیابی و برآورد'!AB26 -> 1272 | S21: =Q21+R21 -> 9792 | T21: =S21+P21+M21 -> 11114 | U21: 59 | V21: 25 | W21: 61 | X21: 25 | Y21: 3 | Z21: 3 | AB21: 3 | AC21: 3 | AF21: 78 | AG21: 21 | AH21: =AF21+AG21 -> 99 | AI21: 463 | AJ21: 48 | AK21: =AI21+AJ21 -> 511 | AL21: 7119 | AM21: 874 | AN21: =AL21+AM21 -> 7993 | AO21: =AN21+AK21+AH21 -> 8603 | AP21: =Q21 -> 8520 | AQ21: =AP21*0.1*0.78 -> 664.56 | AR21: 320 | AS21: 0 | AV21: =S21 -> 9792 | AW21: =AV21*100*0.64 -> 626688 | AX21: 320 | AY21: 0 | BB21: کرمانشاه | BG21: بروز شد | BJ21: بروز شد (نسبت به آمار قبلی تغییری ایجاد نشد) | BK21: بروز شد
C22: 8 | D22: ایلام | E22: 309 | F22: 279 | G22: 154 | H22: ='ارزیابی و برآورد'!I27 -> 155 | I22: ='ارزیابی و برآورد'!J27 -> 27 | J22: 47 | K22: ='ارزیابی و برآورد'!O27 -> 403 | L22: ='ارزیابی و برآورد'!P27 -> 65 | M22: =K22+L22 -> 468 | N22: ='ارزیابی و برآورد'!U27 -> 4724 | O22: ='ارزیابی و برآورد'!V27 -> 410 | P22: =N22+O22 -> 5134 | Q22: ='ارزیابی و برآورد'!AA27 -> 4459 | R22: ='ارزیابی و برآورد'!AB27 -> 705 | S22: =Q22+R22 -> 5164 | T22: =S22+P22+M22 -> 10766 | U22: 182 | V22: 8 | W22: 123 | X22: 4 | Y22: 10 | AF22: 252 | AG22: 38 | AH22: =AF22+AG22 -> 290 | AI22: 3255 | AJ22: 239 | AK22: =AI22+AJ22 -> 3494 | AL22: 4212 | AM22: 577 | AN22: =AL22+AM22 -> 4789 | AO22: =AN22+AK22+AH22 -> 8573 | AP22: =Q22 -> 4459 | AQ22: =AP22*0.1*0.78 -> 347.802 | AR22: 320 | AS22: 70 | AV22: =S22 -> 5164 | AW22: =AV22*100*0.64 -> 330496 | AX22: 320 | AY22: 70 | BB22: ایلام
C23: 9 | D23: آذربایجان غربی | E23: 107 | F23: 95 | G23: 44.7 | H23: ='ارزیابی و برآورد'!I28 -> 57 | I23: ='ارزیابی و برآورد'!J28 -> 21 | J23: 40 | K23: ='ارزیابی و برآورد'!O28 -> 606 | L23: ='ارزیابی و برآورد'!P28 -> 121 | M23: =K23+L23 -> 727 | N23: ='ارزیابی و برآورد'!U28 -> 1133 | O23: ='ارزیابی و برآورد'!V28 -> 231 | P23: =N23+O23 -> 1364 | Q23: ='ارزیابی و برآورد'!AA28 -> 5612 | R23: ='ارزیابی و برآورد'!AB28 -> 1547 | S23: =Q23+R23 -> 7159 | T23: =S23+P23+M23 -> 9250 | U23: 78 | V23: 15 | W23: 78 | X23: 12 | Y23: 18 | Z23: 6 | AA23: 5 | AB23: 1 | AC23: 5 | AD23: 4 | AF23: 193 | AG23: 6 | AH23: =AF23+AG23 -> 199 | AI23: 347 | AJ23: 30 | AK23: =AI23+AJ23 -> 377 | AL23: 1687 | AM23: 341 | AN23: =AL23+AM23 -> 2028 | AO23: =AN23+AK23+AH23 -> 2604 | AP23: =Q23 -> 5612 | AQ23: =AP23*0.1*0.78 -> 437.736 | AR23: 320 | AS23: 0 | AV23: =S23 -> 7159 | AW23: =AV23*100*0.64 -> 458176 | AX23: 300 | AY23: 0 | BB23: آذربایجان غربی
C24: 10 | D24: بوشهر | E24: 6 | F24: 6 | G24: 4.2 | H24: ='ارزیابی و برآورد'!I29 -> 2 | I24: ='ارزیابی و برآورد'!J29 -> 0 | J24: 0 | K24: ='ارزیابی و برآورد'!O29 -> 14 | L24: ='ارزیابی و برآورد'!P29 -> 0 | M24: =K24+L24 -> 14 | N24: ='ارزیابی و برآورد'!U29 -> 3194 | O24: ='ارزیابی و برآورد'!V29 -> 368 | P24: =N24+O24 -> 3562 | Q24: ='ارزیابی و برآورد'!AA29 -> 2332 | R24: ='ارزیابی و برآورد'!AB29 -> 362 | S24: =Q24+R24 -> 2694 | T24: =S24+P24+M24 -> 6270 | U24: 8 | V24: 0 | W24: 2 | X24: 0 | AF24: 4 | AG24: 0 | AH24: =AF24+AG24 -> 4 | AI24: 2074 | AJ24: 194 | AK24: =AI24+AJ24 -> 2268 | AL24: 1877 | AM24: 258 | AN24: =AL24+AM24 -> 2135 | AO24: =AN24+AK24+AH24 -> 4407 | AP24: =Q24 -> 2332 | AQ24: =AP24*0.1*0.78 -> 181.896 | AR24: 170 | AS24: 155 | AV24: =S24 -> 2694 | AW24: =AV24*100*0.64 -> 172416 | AX24: 170 | AY24: 150 | BB24: بوشهر | BF24: بروز شد | BH24: بروز شد | BJ24: بروز شد
C25: 11 | D25: زنجان | E25: 29 | F25: 24 | G25: 16.8 | H25: ='ارزیابی و برآورد'!I30 -> 19 | I25: ='ارزیابی و برآورد'!J30 -> 9 | J25: 7 | K25: ='ارزیابی و برآورد'!O30 -> 60 | L25: ='ارزیابی و برآورد'!P30 -> 34 | M25: =K25+L25 -> 94 | N25: ='ارزیابی و برآورد'!U30 -> 357 | O25: ='ارزیابی و برآورد'!V30 -> 76 | P25: =N25+O25 -> 433 | Q25: ='ارزیابی و برآورد'!AA30 -> 702 | R25: ='ارزیابی و برآورد'!AB30 -> 366 | S25: =Q25+R25 -> 1068 | T25: =S25+P25+M25 -> 1595 | U25: 36 | V25: 9 | W25: 36 | X25: 4 | AF25: 31 | AG25: 3 | AH25: =AF25+AG25 -> 34 | AI25: 254 | AJ25: 44 | AK25: =AI25+AJ25 -> 298 | AL25: 474 | AM25: 183 | AN25: =AL25+AM25 -> 657 | AO25: =AN25+AK25+AH25 -> 989 | AP25: =Q25 -> 702 | AQ25: =AP25*0.1*0.78 -> 54.756 | AR25: 60 | AS25: 20 | AV25: =S25 -> 1068 | AW25: =AV25*100*0.64 -> 68352 | AX25: 60 | AY25: 20 | BB25: زنجان
C26: 12 | D26: قزوین | E26: 29 | F26: 27 | G26: 12 | H26: ='ارزیابی و برآورد'!I31 -> 19 | I26: ='ارزیابی و برآورد'!J31 -> 1 | J26: 20 | K26: ='ارزیابی و برآورد'!O31 -> 26 | L26: ='ارزیابی و برآورد'!P31 -> 11 | M26: =K26+L26 -> 37 | N26: ='ارزیابی و برآورد'!U31 -> 189 | O26: ='ارزیابی و برآورد'!V31 -> 28 | P26: =N26+O26 -> 217 | Q26: ='ارزیابی و برآورد'!AA31 -> 439 | R26: ='ارزیابی و برآورد'!AB31 -> 58 | S26: =Q26+R26 -> 497 | T26: =S26+P26+M26 -> 751 | U26: 20 | V26: 19 | W26: 20 | X26: 19 | Y26: 18 | Z26: 12 | AA26: 8 | AB26: 10 | AC26: 10 | AD26: 8 | AE26: 4 | AF26: 13 | AG26: 7 | AH26: =AF26+AG26 -> 20 | AI26: 110 | AJ26: 15 | AK26: =AI26+AJ26 -> 125 | AL26: 439 | AM26: 58 | AN26: =AL26+AM26 -> 497 | AO26: =AN26+AK26+AH26 -> 642 | AP26: =Q26 -> 439 | AQ26: =AP26*0.1*0.78 -> 34.242 | AR26: 40 | AS26: 15 | AV26: =S26 -> 497 | AW26: =AV26*100*0.64 -> 31808 | AX26: 30 | AY26: 0 | BB26: قزوین | BC26: بروز شد (نسبت به آمار قبلی تغییری ایجاد نشد) | BD26: بروز شد (نسبت به آمار قبلی تغییری ایجاد نشد) | BJ26: بروز شد (نسبت به آمار قبلی تغییری ایجاد نشد)
C27: 13 | D27: کردستان | E27: 193 | F27: 175 | G27: 103.8 | H27: ='ارزیابی و برآورد'!I32 -> 100 | I27: ='ارزیابی و برآورد'!J32 -> 49 | J27: 64 | K27: ='ارزیابی و برآورد'!O32 -> 573 | L27: ='ارزیابی و برآورد'!P32 -> 93 | M27: =K27+L27 -> 666 | N27: ='ارزیابی و برآورد'!U32 -> 3032 | O27: ='ارزیابی و برآورد'!V32 -> 487 | P27: =N27+O27 -> 3519 | Q27: ='ارزیابی و برآورد'!AA32 -> 6085 | R27: ='ارزیابی و برآورد'!AB32 -> 2734 | S27: =Q27+R27 -> 8819 | T27: =S27+P27+M27 -> 13004 | U27: 154 | V27: 8 | W27: 83 | X27: 8 | Y27: 6 | AF27: 190 | AG27: 14 | AH27: =AF27+AG27 -> 204 | AI27: 1052 | AJ27: 226 | AK27: =AI27+AJ27 -> 1278 | AL27: 4687 | AM27: 1918 | AN27: =AL27+AM27 -> 6605 | AO27: =AN27+AK27+AH27 -> 8087 | AP27: =Q27 -> 6085 | AQ27: =AP27*0.1*0.78 -> 474.63 | AR27: 440 | AS27: 120 | AV27: =S27 -> 8819 | AW27: =AV27*100*0.64 -> 564416 | AX27: 500 | AY27: 150 | BB27: کردستان | BE27: بروز شد | BG27: بروز شد | BI27: بروز شد (نسبت به آمار قبلی تغییری ایجاد نشد) | BJ27: بروز شد
C28: 14 | D28: لرستان | E28: 250 | F28: 227 | G28: 141.5 | H28: ='ارزیابی و برآورد'!I33 -> 118 | I28: ='ارزیابی و برآورد'!J33 -> 17 | J28: 26 | K28: ='ارزیابی و برآورد'!O33 -> 487 | L28: ='ارزیابی و برآورد'!P33 -> 74 | M28: =K28+L28 -> 561 | N28: ='ارزیابی و برآورد'!U33 -> 2963 | O28: ='ارزیابی و برآورد'!V33 -> 415 | P28: =N28+O28 -> 3378 | Q28: ='ارزیابی و برآورد'!AA33 -> 2550 | R28: ='ارزیابی و برآورد'!AB33 -> 546 | S28: =Q28+R28 -> 3096 | T28: =S28+P28+M28 -> 7035 | U28: 159 | V28: 18 | W28: 128 | X28: 18 | Y28: 0 | AF28: 82 | AG28: 0 | AH28: =AF28+AG28 -> 82 | AI28: 85 | AJ28: 0 | AK28: =AI28+AJ28 -> 85 | AL28: 1011 | AM28: 9 | AN28: =AL28+AM28 -> 1020 | AO28: =AN28+AK28+AH28 -> 1187 | AP28: =Q28 -> 2550 | AQ28: =AP28*0.1*0.78 -> 198.9 | AR28: 200 | AS28: 90 | AV28: =S28 -> 3096 | AW28: =AV28*100*0.64 -> 198144 | AX28: 200 | AY28: 80 | BB28: لرستان | BG28: بروز شد
C29: 15 | D29: مرکزی | E29: 114 | F29: 104 | G29: 67.9 | H29: ='ارزیابی و برآورد'!I34 -> 56 | I29: ='ارزیابی و برآورد'!J34 -> 1 | J29: 28 | K29: ='ارزیابی و برآورد'!O34 -> 203 | L29: ='ارزیابی و برآورد'!P34 -> 9 | M29: =K29+L29 -> 212 | N29: ='ارزیابی و برآورد'!U34 -> 1087 | O29: ='ارزیابی و برآورد'!V34 -> 82 | P29: =N29+O29 -> 1169 | Q29: ='ارزیابی و برآورد'!AA34 -> 1577 | R29: ='ارزیابی و برآورد'!AB34 -> 183 | S29: =Q29+R29 -> 1760 | T29: =S29+P29+M29 -> 3141 | U29: 97 | V29: 42 | W29: 63 | X29: 12 | AF29: 43 | AG29: 2 | AH29: =AF29+AG29 -> 45 | AI29: 100 | AJ29: 3 | AK29: =AI29+AJ29 -> 103 | AL29: 1393 | AM29: 108 | AN29: =AL29+AM29 -> 1501 | AO29: =AN29+AK29+AH29 -> 1649 | AP29: =Q29 -> 1577 | AQ29: =AP29*0.1*0.78 -> 123.006 | AR29: 80 | AS29: 40 | AV29: =S29 -> 1760 | AW29: =AV29*100*0.64 -> 112640 | AX29: 70 | AY29: 30 | BB29: مرکزی
C30: 16 | D30: همدان | E30: 80 | F30: 78 | G30: 48.2 | H30: ='ارزیابی و برآورد'!I35 -> 31 | I30: ='ارزیابی و برآورد'!J35 -> 5 | J30: 8 | K30: ='ارزیابی و برآورد'!O35 -> 83 | L30: ='ارزیابی و برآورد'!P35 -> 35 | M30: =K30+L30 -> 118 | N30: ='ارزیابی و برآورد'!U35 -> 869 | O30: ='ارزیابی و برآورد'!V35 -> 232 | P30: =N30+O30 -> 1101 | Q30: ='ارزیابی و برآورد'!AA35 -> 440 | R30: ='ارزیابی و برآورد'!AB35 -> 355 | S30: =Q30+R30 -> 795 | T30: =S30+P30+M30 -> 2014 | U30: 36 | V30: 11 | W30: 36 | X30: 7 | Y30: 0 | AF30: 40 | AG30: 4 | AH30: =AF30+AG30 -> 44 | AI30: 852 | AJ30: 219 | AK30: =AI30+AJ30 -> 1071 | AL30: 435 | AM30: 354 | AN30: =AL30+AM30 -> 789 | AO30: =AN30+AK30+AH30 -> 1904 | AP30: =Q30 -> 440 | AQ30: =AP30*0.1*0.78 -> 34.32 | AR30: 40 | AS30: 0 | AV30: =S30 -> 795 | AW30: =AV30*100*0.64 -> 50880 | AX30: 50 | AY30: 0 | BB30: همدان
C31: 17 | D31: تهران | E31: 511 | F31: 412 | G31: 180.4 | H31: ='ارزیابی و برآورد'!I36 -> 134 | I31: ='ارزیابی و برآورد'!J36 -> 7 | J31: 0 | K31: ='ارزیابی و برآورد'!O36 -> 505 | L31: ='ارزیابی و برآورد'!P36 -> 52 | M31: =K31+L31 -> 557 | N31: ='ارزیابی و برآورد'!U36 -> 3679 | O31: ='ارزیابی و برآورد'!V36 -> 499 | P31: =N31+O31 -> 4178 | Q31: ='ارزیابی و برآورد'!AA36 -> 4501 | R31: ='ارزیابی و برآورد'!AB36 -> 1042 | S31: =Q31+R31 -> 5543 | T31: =S31+P31+M31 -> 10278 | U31: 141 | V31: 78 | W31: 139 | X31: 36 | Y31: 21 | Z31: 2 | AF31: 290 | AG31: 22 | AH31: =AF31+AG31 -> 312 | AI31: 1741 | AJ31: 145 | AK31: =AI31+AJ31 -> 1886 | AL31: 4457 | AM31: 1036 | AN31: =AL31+AM31 -> 5493 | AO31: =AN31+AK31+AH31 -> 7691 | AP31: =Q31 -> 4501 | AQ31: =AP31*0.1*0.78 -> 351.078 | AR31: 250 | AS31: 150 | AV31: =S31 -> 5543 | AW31: =AV31*100*0.64 -> 354752 | AX31: 300 | AY31: 150 | BB31: تهران | BC31: بروز شد | BD31: بروز شد | BE31: بروز شد | BG31: بروز شد | BI31: بروز شد | BK31: بروز شد
C32: 18 | D32: یزد | E32: 1 | F32: 1 | G32: 0.7 | H32: ='ارزیابی و برآورد'!I37 -> 0 | I32: ='ارزیابی و برآورد'!J37 -> 0 | J32: 0 | K32: ='ارزیابی و برآورد'!O37 -> 3 | L32: ='ارزیابی و برآورد'!P37 -> 0 | M32: =K32+L32 -> 3 | N32: ='ارزیابی و برآورد'!U37 -> 120 | O32: ='ارزیابی و برآورد'!V37 -> 6 | P32: =N32+O32 -> 126 | Q32: ='ارزیابی و برآورد'!AA37 -> 69 | R32: ='ارزیابی و برآورد'!AB37 -> 2 | S32: =Q32+R32 -> 71 | T32: =S32+P32+M32 -> 200 | U32: 0 | V32: 0 | W32: 0 | X32: 0 | Y32: واحد احداثی آسیب دیده ندارند | AF32: 1 | AG32: 0 | AH32: =AF32+AG32 -> 1 | AI32: 78 | AJ32: 3 | AK32: =AI32+AJ32 -> 81 | AL32: 39 | AM32: 0 | AN32: =AL32+AM32 -> 39 | AO32: =AN32+AK32+AH32 -> 121 | AP32: =Q32 -> 69 | AQ32: =AP32*0.1*0.78 -> 5.382 | AR32: 25 | AS32: 0 | AV32: =S32 -> 71 | AW32: =AV32*100*0.64 -> 4544 | AX32: 25 | AY32: 0 | BB32: یزد | BG32: بروز شد
C33: 19 | D33: کرمان | E33: 0 | F33: 0 | G33: 0 | H33: ='ارزیابی و برآورد'!I38 -> 0 | I33: ='ارزیابی و برآورد'!J38 -> 0 | J33: 0 | K33: ='ارزیابی و برآورد'!O38 -> 4 | L33: ='ارزیابی و برآورد'!P38 -> 0 | M33: =K33+L33 -> 4 | N33: ='ارزیابی و برآورد'!U38 -> 19 | O33: ='ارزیابی و برآورد'!V38 -> 0 | P33: =N33+O33 -> 19 | Q33: ='ارزیابی و برآورد'!AA38 -> 5 | R33: ='ارزیابی و برآورد'!AB38 -> 2 | S33: =Q33+R33 -> 7 | T33: =S33+P33+M33 -> 30 | U33: 0 | V33: 0 | W33: 0 | X33: 0 | Y33: واحد احداثی آسیب دیده ندارند | AF33: 4 | AG33: 0 | AH33: =AF33+AG33 -> 4 | AI33: 19 | AJ33: 0 | AK33: =AI33+AJ33 -> 19 | AL33: 5 | AM33: 2 | AN33: =AL33+AM33 -> 7 | AO33: =AN33+AK33+AH33 -> 30 | AP33: =Q33 -> 5 | AQ33: =AP33*0.1*0.78 -> 0.39 | AR33: 10 | AS33: 10 | AV33: =S33 -> 7 | AW33: =AV33*100*0.64 -> 448 | AX33: 0 | AY33: 5 | BB33: کرمان
C34: 20 | D34: سمنان | E34: 0 | F34: 0 | G34: 0 | H34: ='ارزیابی و برآورد'!I39 -> 0 | I34: ='ارزیابی و برآورد'!J39 -> 3 | J34: 0 | K34: ='ارزیابی و برآورد'!O39 -> 0 | L34: ='ارزیابی و برآورد'!P39 -> 0 | M34: =K34+L34 -> 0 | N34: ='ارزیابی و برآورد'!U39 -> 47 | O34: ='ارزیابی و برآورد'!V39 -> 16 | P34: =N34+O34 -> 63 | Q34: ='ارزیابی و برآورد'!AA39 -> 485 | R34: ='ارزیابی و برآورد'!AB39 -> 77 | S34: =Q34+R34 -> 562 | T34: =S34+P34+M34 -> 625 | U34: 3 | V34: 0 | W34: 0 | X34: 0 | AF34: 0 | AG34: 0 | AH34: =AF34+AG34 -> 0 | AI34: 43 | AJ34: 23 | AK34: =AI34+AJ34 -> 66 | AL34: 252 | AM34: 43 | AN34: =AL34+AM34 -> 295 | AO34: =AN34+AK34+AH34 -> 361 | AP34: =Q34 -> 485 | AQ34: =AP34*0.1*0.78 -> 37.83 | AR34: 40 | AS34: 15 | AV34: =S34 -> 562 | AW34: =AV34*100*0.64 -> 35968 | AX34: 35 | AY34: 10 | BB34: سمنان | BC34: برز شد | BD34: بروز شد | BE34: بروز شد | BG34: بروز شد | BH34: بروز شد (نسبت به آمار قبلی تغییری ایجاد نشد) | BI34: بروز شد (نسبت به آمار قبلی تغییری ایجاد نشد) | BJ34: بروز شد | BK34: بروز شد (نسبت به آمار قبلی تغییری ایجاد نشد)
C35: 21 | D35: مازندران | E35: 4 | F35: 4 | G35: 1.2 | H35: ='ارزیابی و برآورد'!I40 -> 4 | I35: ='ارزیابی و برآورد'!J40 -> 0 | J35: 4 | K35: ='ارزیابی و برآورد'!O40 -> 2 | L35: ='ارزیابی و برآورد'!P40 -> 0 | M35: =K35+L35 -> 2 | N35: ='ارزیابی و برآورد'!U40 -> 5 | O35: ='ارزیابی و برآورد'!V40 -> 0 | P35: =N35+O35 -> 5 | Q35: ='ارزیابی و برآورد'!AA40 -> 71 | R35: ='ارزیابی و برآورد'!AB40 -> 6 | S35: =Q35+R35 -> 77 | T35: =S35+P35+M35 -> 84 | U35: 4 | V35: 4 | W35: 4 | X35: 4 | AF35: 4 | AG35: 0 | AH35: =AF35+AG35 -> 4 | AI35: 5 | AJ35: 1 | AK35: =AI35+AJ35 -> 6 | AL35: 45 | AM35: 4 | AN35: =AL35+AM35 -> 49 | AO35: =AN35+AK35+AH35 -> 59 | AP35: =Q35 -> 71 | AQ35: =AP35*0.1*0.78 -> 5.538 | AR35: 10 | AS35: 0 | AV35: =S35 -> 77 | AW35: =AV35*100*0.64 -> 4928 | AX35: 10 | AY35: 0 | BB35: مازندران
C36: 22 | D36: گیلان | E36: 8 | F36: 8 | G36: 2.4 | H36: ='ارزیابی و برآورد'!I41 -> 9 | I36: ='ارزیابی و برآورد'!J41 -> 0 | J36: 9 | K36: ='ارزیابی و برآورد'!O41 -> 6 | L36: ='ارزیابی و برآورد'!P41 -> 0 | M36: =K36+L36 -> 6 | N36: ='ارزیابی و برآورد'!U41 -> 17 | O36: ='ارزیابی و برآورد'!V41 -> 0 | P36: =N36+O36 -> 17 | Q36: ='ارزیابی و برآورد'!AA41 -> 91 | R36: ='ارزیابی و برآورد'!AB41 -> 24 | S36: =Q36+R36 -> 115 | T36: =S36+P36+M36 -> 138 | U36: 9 | V36: 6 | W36: 6 | X36: 1 | Y36: 0 | AF36: 3 | AG36: 0 | AH36: =AF36+AG36 -> 3 | AI36: 15 | AJ36: 0 | AK36: =AI36+AJ36 -> 15 | AL36: 63 | AM36: 22 | AN36: =AL36+AM36 -> 85 | AO36: =AN36+AK36+AH36 -> 103 | AP36: =Q36 -> 91 | AQ36: =AP36*0.1*0.78 -> 7.098 | AR36: 20 | AS36: 0 | AV36: =S36 -> 115 | AW36: =AV36*100*0.64 -> 7360 | AX36: 20 | AY36: 0 | BB36: گیلان | BG36: بروز شد
C37: 23 | D37: هرمزگان | E37: 351 | F37: 273 | G37: 190.6 | H37: ='ارزیابی و برآورد'!I42 -> 38 | I37: ='ارزیابی و برآورد'!J42 -> 4 | J37: 15 | K37: ='ارزیابی و برآورد'!O42 -> 35 | L37: ='ارزیابی و برآورد'!P42 -> 6 | M37: =K37+L37 -> 41 | N37: ='ارزیابی و برآورد'!U42 -> 138 | O37: ='ارزیابی و برآورد'!V42 -> 5 | P37: =N37+O37 -> 143 | Q37: ='ارزیابی و برآورد'!AA42 -> 608 | R37: ='ارزیابی و برآورد'!AB42 -> 17 | S37: =Q37+R37 -> 625 | T37: =S37+P37+M37 -> 809 | U37: 137 | V37: 124 | W37: 137 | X37: 114 | AF37: 3 | AG37: 0 | AH37: =AF37+AG37 -> 3 | AI37: 10 | AJ37: 0 | AK37: =AI37+AJ37 -> 10 | AL37: 174 | AM37: 1 | AN37: =AL37+AM37 -> 175 | AO37: =AN37+AK37+AH37 -> 188 | AP37: =Q37 -> 608 | AQ37: =AP37*0.1*0.78 -> 47.424 | AR37: 30 | AS37: 10 | AV37: =S37 -> 625 | AW37: =AV37*100*0.64 -> 40000 | AX37: 25 | AY37: 10 | BB37: هرمزگان
C38: 24 | D38: چهار محال و بختیاری | E38: 6 | F38: 5 | G38: 2.9 | H38: ='ارزیابی و برآورد'!I43 -> 3 | I38: ='ارزیابی و برآورد'!J43 -> 0 | J38: 1 | K38: ='ارزیابی و برآورد'!O43 -> 25 | L38: ='ارزیابی و برآورد'!P43 -> 0 | M38: =K38+L38 -> 25 | N38: ='ارزیابی و برآورد'!U43 -> 49 | O38: ='ارزیابی و برآورد'!V43 -> 2 | P38: =N38+O38 -> 51 | Q38: ='ارزیابی و برآورد'!AA43 -> 229 | R38: ='ارزیابی و برآورد'!AB43 -> 19 | S38: =Q38+R38 -> 248 | T38: =S38+P38+M38 -> 324 | U38: 2 | V38: 0 | W38: 2 | X38: 0 | AF38: 13 | AG38: 0 | AH38: =AF38+AG38 -> 13 | AI38: 23 | AJ38: 0 | AK38: =AI38+AJ38 -> 23 | AL38: 116 | AM38: 2 | AN38: =AL38+AM38 -> 118 | AO38: =AN38+AK38+AH38 -> 154 | AP38: =Q38 -> 229 | AQ38: =AP38*0.1*0.78 -> 17.862 | AR38: 25 | AS38: 0 | AV38: =S38 -> 248 | AW38: =AV38*100*0.64 -> 15872 | AX38: 25 | AY38: 0 | BB38: چهارمحال و بختیاری
B39: جمع کل سایر شهرها و روستاهای کشور | E39: =SUM(E15:E38) -> 3027 | F39: =SUM(F15:F38) -> 2711 | G39: =SUM(G15:G38) -> 1509.7 | H39: =SUM(H15:H38) -> 984 | I39: =SUM(I15:I38) -> 216 | J39: =SUM(J15:J38) -> 416 | K39: =SUM(K15:K38) -> 4606 | L39: =SUM(L15:L38) -> 617 | ... W39: =SUM(W15:W38) -> 1168 | X39: =SUM(X15:X37) -> 328 | Y39: =SUM(Y15:Y38) -> 120 | Z39: =SUM(Z15:Z38) -> 33 | AA39: =SUM(AA15:AA38) -> 19 | AB39: =SUM(AB15:AB38) -> 21 | AC39: =SUM(AC15:AC38) -> 21 | AD39: =SUM(AD15:AD38) -> 13 | AE39: =SUM(AE15:AE38) -> 4 | AF39: =SUM(AF15:AF38) -> 1536 | ... AS39: =SUM(AS15:AS38) -> 905 | AV39: =SUM(AV15:AV38) -> 60615 | AW39: =SUM(AW15:AW38) -> 3879360 | AX39: =SUM(AX15:AX38) -> 3055 | AY39: =SUM(AY15:AY38) -> 865
B41: جمع کل کلان شهرها و سایر شهرها و روستاهای کشور | E41: =E39+E13 -> 3259 | F41: =F39+F13 -> 2932 | G41: =G39+G13 -> 1664.4 | H41: =H39+H13 -> 1089 | I41: =I39+I13 -> 218 | J41: =J39+J13 -> 474 | K41: =K39+K13 -> 5075 | L41: =L39+L13 -> 695 | ... AS41: =AS39+AS13 -> 905
B43: توضیحات | D43: 1- در استان گیلان: 3 واحد احداثی به دلیل مسائل مالکیتی و وراثتی برای تهیه نقشه به نظام مهندسی معرفی نشده اند. 2-در استان قزوین 4 واحد احداثی به بهره برداری رسیده است. 3- کل واحدهای مقاوم سازی در مرحله اجرای طرح مقاوم سازی می باشند. | AS43: =AS39+#REF! -> #REF!

Sheet ارزیابی و برآورد
AK1: پیوست شماره یک
E3: گزارش اولیه ارزیابی خسارات وارده به واحدهای مسکونی، تجاری و اداری بخش خصوصی ناشی از جنگ تحمیلی رژیم صهیونی و آمریکای جنایتکار - اسفند 1404
E4: تاریخ گزارش : 1405/01/28
E5: ارزیابی و برآورد اولیه اعتبار مورد نیاز بازسازی و تعمیر واحدهای مسکونی، تجاری و اداری بخش خصوصی ناشی از جنگ تحمیلی رژیم صهیونی و آمریکای جنایتکار - اسفند 1404 دستگاه اجرایی: بنیاد مسکن انقلاب اسلامی
E6: گزارش ارزیابی تا تاریخ : 1405/05/22
B7: تفکیک جمعیتی | C7: ردیف | D7: استان | E7: کلان شهر/شهر/ روستا | F7: تعداد شهر و روستا آسیب دیده | I7: نتایج ارزیابی انجام گرفته
I8: تعداد واحد احداثی | L8: برآورد هزینه بازسازی واحدهای احداثی (میلیون ريال) | N8: جمع برآورد اعتبار مورد نیاز بازسازی واحدهای احداثی (میلون ريال) | O8: تعداد واحد تعمیری یک | R8: برآورد هزینه تعمیر واحدهای تعمیری نوع یک (میلیون ريال) | T8: جمع برآورد اعتبار مورد نیاز تعمیر واحدهای تعمیری نوع یک (میلیون ريال) | U8: تعداد تعمیری دو | X8: برآورد هزینه تعمیر واحدهای تعمیری نوع دو (میلیون ريال) | Z8: جمع برآورد اعتبار مورد نیاز تعمیر واحدهای تعمیری نوع دو (میلیون ريال) | AA8: تعداد تعمیری نوع سه | AD8: برآورد هزینه تعمیر کل واحدهای تعمیری نوع سه (میلیون ريال) | AF8: جمع برآورد اعتبار مورد نیاز واحدهای تعمیری نوع سه (میلیون ريال) | AG8: برآورد اعتبار مورد نیاز استان (میلیون ريال) | AH8: تعمیری | AK8: معیشتی | AM8: لوازم معیشتی آسیب دیده
L9: متوسط هزینه مترمربع 250 میلیون ريال | M9: متوسط هزینه مترمربع 180 میلیون ريال | R9: متوسط هزینه مترمربع 70 میلیون ريال | S9: متوسط هزینه مترمربع 60 میلیون ريال | X9: متوسط هزینه مترمربع 40 میلیون ريال | Y9: متوسط هزینه مترمربع 30 میلیون ريال | AD9: متوسط هزینه مترمربع 5 میلیون ريال | AE9: متوسط هزینه مترمربع 20 میلیون ريال
F10: شهر | G10: روستا | H10: مجموع | I10: مسکونی | J10: تجاری | K10: مجموع | L10: مسکونی | M10: تجاری | O10: مسکونی | P10: تجاری | Q10: مجموع | R10: مسکونی | S10: تجاری | U10: مسکونی | V10: تجاری | W10: مجموع | X10: مسکونی | Y10: تجاری | AA10: مسکونی | AB10: تجاری | AC10: مجموع | AD10: مسکونی | AE10: تجاری | AH10: مسکونی | AI10: تجاری | AJ10: مجموع | AK10: مسکونی | AL10: تجاری
B11: کلان شهرها (شهرهای با جمعیت یک میلیون نفر و بیشتر) | C11: 1 | D11: آذربایجان شرقی | E11: تبریز | F11: 1 | H11: =G11+F11 -> 1 | I11: 19 | J11: 0 | K11: =I11+J11 -> 19 | L11: =I11*250*100 -> 475000 | M11: =J11*40*180 -> 0 | N11: =M11+L11 -> 475000 | O11: 34 | P11: 6 | Q11: =P11+O11 -> 40 | R11: =O11*100*70 -> 238000 | S11: =P11*40*60 -> 14400 | T11: =S11+R11 -> 252400 | U11: 202 | V11: 49 | W11: =V11+U11 -> 251 | X11: =U11*100*40 -> 808000 | Y11: =V11*40*30 -> 58800 | Z11: =Y11+X11 -> 866800 | AA11: 2316 | AB11: 354 | AC11: =AB11+AA11 -> 2670 | AD11: =AA11*100*5 -> 1158000 | AE11: =AB11*40*20 -> 283200 | AF11: =AE11+AD11 -> 1441200 | AG11: =AF11+Z11+T11+N11 -> 3035400 | AH11: =AA11+U11+O11 -> 2552 | AI11: =AB11+V11+P11 -> 409 | AJ11: =AI11+AH11 -> 2961 | AK11: 322 | AL11: 79 | AM11: =AL11+AK11 -> 401
C12: 2 | D12: اصفهان | E12: اصفهان | F12: 1 | H12: =G12+F12 -> 1 | I12: 15 | J12: 2 | K12: =J12+I12 -> 17 | L12: =I12*250*100 -> 375000 | M12: =J12*40*180 -> 14400 | N12: =M12+L12 -> 389400 | O12: 175 | P12: 32 | Q12: =P12+O12 -> 207 | R12: =O12*100*70 -> 1225000 | S12: =P12*40*60 -> 76800 | T12: =S12+R12 -> 1301800 | U12: 1289 | V12: 184 | W12: =V12+U12 -> 1473 | X12: =U12*100*40 -> 5156000 | Y12: =V12*40*30 -> 220800 | Z12: =Y12+X12 -> 5376800 | AA12: 625 | AB12: 375 | AC12: =AB12+AA12 -> 1000 | AD12: =AA12*100*5 -> 312500 | AE12: =AB12*40*20 -> 300000 | AF12: =AE12+AD12 -> 612500 | AG12: =AF12+Z12+T12+N12 -> 7680500 | AH12: =AA12+U12+O12 -> 2089 | AI12: =AB12+V12+P12 -> 591 | AJ12: =AI12+AH12 -> 2680 | AK12: 1567 | AL12: 0 | AM12: =AL12+AK12 -> 1567
C13: 3 | D13: البرز | E13: کرج | F13: 1 | H13: =G13+F13 -> 1 | I13: 41 | J13: 2 | K13: =I13+J13 -> 43 | L13: =I13*250*100 -> 1025000 | M13: =J13*40*180 -> 14400 | N13: =M13+L13 -> 1039400 | O13: 73 | P13: 3 | Q13: =P13+O13 -> 76 | R13: =O13*100*70 -> 511000 | S13: =P13*40*60 -> 7200 | T13: =S13+R13 -> 518200 | U13: 1357 | V13: 133 | W13: =V13+U13 -> 1490 | X13: =U13*100*40 -> 5428000 | Y13: =V13*40*30 -> 159600 | Z13: =Y13+X13 -> 5587600 | AA13: 633 | AB13: 77 | AC13: =AB13+AA13 -> 710 | AD13: =AA13*100*5 -> 316500 | AE13: =AB13*40*20 -> 61600 | AF13: =AE13+AD13 -> 378100 | AG13: =AF13+Z13+T13+N13 -> 7523300 | AH13: =AA13+U13+O13 -> 2063 | AI13: =AB13+V13+P13 -> 213 | AJ13: =AI13+AH13 -> 2276 | AK13: 598 | AL13: 40 | AM13: =AL13+AK13 -> 638
C14: 4 | D14: خوزستان | E14: اهواز | F14: 1 | H14: =G14+F14 -> 1 | I14: 1 | J14: 3 | K14: =J14+I14 -> 4 | L14: =I14*250*100 -> 25000 | M14: =J14*40*180 -> 21600 | N14: =M14+L14 -> 46600 | O14: 0 | P14: 0 | Q14: =P14+O14 -> 0 | R14: =O14*100*70 -> 0 | S14: =P14*40*60 -> 0 | T14: =S14+R14 -> 0 | U14: 386 | V14: 13 | W14: =V14+U14 -> 399 | X14: =U14*100*40 -> 1544000 | Y14: =V14*40*30 -> 15600 | Z14: =Y14+X14 -> 1559600 | AA14: 293 | AB14: 0 | AC14: =AB14+AA14 -> 293 | AD14: =AA14*100*5 -> 146500 | AE14: =AB14*40*20 -> 0 | AF14: =AE14+AD14 -> 146500 | AG14: =AF14+Z14+T14+N14 -> 1752700 | AH14: =AA14+U14+O14 -> 679 | AI14: =AB14+V14+P14 -> 13 | AJ14: =AI14+AH14 -> 692 | AK14: 366 | AL14: 9 | AM14: =AL14+AK14 -> 375
C15: 5 | D15: فارس | E15: شیراز | F15: 1 | H15: =G15+F15 -> 1 | I15: 3 | J15: 0 | K15: =I15+J15 -> 3 | L15: =I15*250*100 -> 75000 | M15: =J15*40*180 -> 0 | N15: =M15+L15 -> 75000 | O15: 37 | P15: 5 | Q15: =P15+O15 -> 42 | R15: =O15*100*70 -> 259000 | S15: =P15*40*60 -> 12000 | T15: =S15+R15 -> 271000 | U15: 81 | V15: 5 | W15: =V15+U15 -> 86 | X15: =U15*100*40 -> 324000 | Y15: =V15*40*30 -> 6000 | Z15: =Y15+X15 -> 330000 | AA15: 44 | AB15: 2 | AC15: =AB15+AA15 -> 46 | AD15: =AA15*100*5 -> 22000 | AE15: =AB15*40*20 -> 1600 | AF15: =AE15+AD15 -> 23600 | AG15: =AF15+Z15+T15+N15 -> 699600 | AH15: =AA15+U15+O15 -> 162 | AI15: =AB15+V15+P15 -> 12 | AJ15: =AI15+AH15 -> 174 | AK15: 76 | AL15: 0 | AM15: =AL15+AK15 -> 76
C16: 6 | D16: قم | E16: قم | F16: 1 | H16: =G16+F16 -> 1 | I16: 26 | J16: 0 | K16: =J16+I16 -> 26 | L16: =I16*250*100 -> 650000 | M16: =J16*40*180 -> 0 | N16: =M16+L16 -> 650000 | O16: 198 | P16: 45 | Q16: =P16+O16 -> 243 | R16: =O16*100*70 -> 1386000 | S16: =P16*40*60 -> 108000 | T16: =S16+R16 -> 1494000 | U16: 930 | V16: 220 | W16: =V16+U16 -> 1150 | X16: =U16*100*40 -> 3720000 | Y16: =V16*40*30 -> 264000 | Z16: =Y16+X16 -> 3984000 | AA16: 821 | AB16: 204 | AC16: =AB16+AA16 -> 1025 | AD16: =AA16*100*5 -> 410500 | AE16: =AB16*40*20 -> 163200 | AF16: =AE16+AD16 -> 573700 | AG16: =AF16+Z16+T16+N16 -> 6701700 | AH16: =AA16+U16+O16 -> 1949 | AI16: =AB16+V16+P16 -> 469 | AJ16: =AI16+AH16 -> 2418 | AK16: 466 | AL16: 132 | AM16: =AL16+AK16 -> 598
C17: 7 | D17: کرمانشاه | E17: کرمانشاه | F17: 1 | H17: =G17+F17 -> 1 | I17: 105 | J17: 2 | K17: =I17+J17 -> 107 | L17: =I17*250*100 -> 2625000 | M17: =J17*40*180 -> 14400 | N17: =M17+L17 -> 2639400 | O17: 164 | P17: 24 | Q17: =P17+O17 -> 188 | R17: =O17*100*70 -> 1148000 | S17: =P17*40*60 -> 57600 | T17: =S17+R17 -> 1205600 | U17: 260 | V17: 52 | W17: =V17+U17 -> 312 | X17: =U17*100*40 -> 1040000 | Y17: =V17*40*30 -> 62400 | Z17: =Y17+X17 -> 1102400 | AA17: 2765 | AB17: 487 | AC17: =AB17+AA17 -> 3252 | AD17: =AA17*100*5 -> 1382500 | AE17: =AB17*40*20 -> 389600 | AF17: =AE17+AD17 -> 1772100 | AG17: =AF17+Z17+T17+N17 -> 6719500 | AH17: =AA17+U17+O17 -> 3189 | AI17: =AB17+V17+P17 -> 563 | AJ17: =AI17+AH17 -> 3752 | AK17: 696 | AL17: 120 | AM17: =AL17+AK17 -> 816
B18: جمع ارزیابی و اعتبار موردنیاز کلان شهرها (شهرهای با جمعیت یک میلیون نفر و بیشتر) | F18: =SUM(F11:F17) -> 7 | G18: =SUM(G11:G17) -> 0 | H18: =SUM(H11:H17) -> 7 | I18: =SUM(I11:I17) -> 210 | J18: =SUM(J11:J17) -> 9 | K18: =SUM(K11:K17) -> 219 | L18: =SUM(L11:L17) -> 5250000 | M18: =SUM(M11:M17) -> 64800 | ... AM18: =SUM(AM11:AM17) -> 4471
AL19: =SUM(AL11:AL18) -> 760 | AM19: =SUM(AM11:AM18) -> 8942
B20: سایر شهرها (کمتر از یک میلیون جمعیت) و روستاها | C20: 1 | D20: آذربایجان شرقی | E20: بستان آباد، مرند، هشترود، مراغه، آذرشهر، شبستر، ملکان، سراب، اسکو، عجب شیر، بناب، میانه | F20: 14 | G20: 17 | H20: =G20+F20 -> 31 | I20: 40 | J20: 16 | K20: =J20+I20 -> 56 | L20: =I20*100*250 -> 1000000 | M20: =J20*40*180 -> 115200 | N20: =M20+L20 -> 1115200 | O20: 118 | P20: 21 | Q20: =P20+O20 -> 139 | R20: =O20*100*70 -> 826000 | S20: =P20*40*60 -> 50400 | T20: =S20+R20 -> 876400 | U20: 1104 | V20: 328 | W20: =V20+U20 -> 1432 | X20: =U20*100*40 -> 4416000 | Y20: =V20*40*30 -> 393600 | Z20: =Y20+X20 -> 4809600 | AA20: 2490 | AB20: 987 | AC20: =AB20+AA20 -> 3477 | AD20: =AA20*100*5 -> 1245000 | AE20: =AB20*40*20 -> 789600 | AF20: =AE20+AD20 -> 2034600 | AG20: =AF20+Z20+T20+N20 -> 8835800 | AH20: =AA20+U20+O20 -> 3712 | AI20: =AB20+V20+P20 -> 1336 | AJ20: =AI20+AH20 -> 5048 | AK20: 822 | AL20: 201 | AM20: =AL20+AK20 -> 1023
C21: 2 | D21: اصفهان | E21: فریدن، لنجان، برخوار، خمینی شهر، آران و بیدگل، شهرضا، دهاقان، جرقویه، نجف آباد، فلاورجان، تیران و کرون، شاهین شهر و میمه، چادگان، خوانسار، مبارکه، هرند، کاشان، اصفهان 2 | F21: 30 | G21: 12 | H21: =G21+F21 -> 42 | I21: 22 | J21: 16 | K21: =J21+I21 -> 38 | L21: =I21*100*250 -> 550000 | M21: =J21*40*180 -> 115200 | N21: =M21+L21 -> 665200 | O21: 360 | P21: 23 | Q21: =P21+O21 -> 383 | R21: =O21*100*70 -> 2520000 | S21: =P21*40*60 -> 55200 | T21: =S21+R21 -> 2575200 | U21: 1563 | V21: 143 | W21: =V21+U21 -> 1706 | X21: =U21*100*40 -> 6252000 | Y21: =V21*40*30 -> 171600 | Z21: =Y21+X21 -> 6423600 | AA21: 4073 | AB21: 374 | AC21: =AB21+AA21 -> 4447 | AD21: =AA21*100*5 -> 2036500 | AE21: =AB21*40*20 -> 299200 | AF21: =AE21+AD21 -> 2335700 | AG21: =AF21+Z21+T21+N21 -> 11999700 | AH21: =AA21+U21+O21 -> 5996 | AI21: =AB21+V21+P21 -> 540 | AJ21: =AI21+AH21 -> 6536 | AK21: 1796 | AL21: 0 | AM21: =AL21+AK21 -> 1796
C22: 3 | D22: البرز | E22: کرج، محمدشهر، گرمدره، ماهدشت، کمالشهر، بیلقان، فردیس، مشکین شهر، گلسار، مهستان، چهارباغ، نظرآباد، اشتهارد | F22: 13 | G22: 7 | H22: =G22+F22 -> 20 | I22: 59 | J22: 23 | K22: =J22+I22 -> 82 | L22: =I22*100*250 -> 1475000 | M22: =J22*40*180 -> 165600 | N22: =M22+L22 -> 1640600 | O22: 350 | P22: 22 | Q22: =P22+O22 -> 372 | R22: =O22*100*70 -> 2450000 | S22: =P22*40*60 -> 52800 | T22: =S22+R22 -> 2502800 | U22: 699 | V22: 66 | W22: =V22+U22 -> 765 | X22: =U22*100*40 -> 2796000 | Y22: =V22*40*30 -> 79200 | Z22: =Y22+X22 -> 2875200 | AA22: 1351 | AB22: 222 | AC22: =AB22+AA22 -> 1573 | AD22: =AA22*100*5 -> 675500 | AE22: =AB22*40*20 -> 177600 | AF22: =AE22+AD22 -> 853100 | AG22: =AF22+Z22+T22+N22 -> 7871700 | AH22: =AA22+U22+O22 -> 2400 | AI22: =AB22+V22+P22 -> 310 | AJ22: =AI22+AH22 -> 2710 | AK22: 848 | AL22: 24 | AM22: =AL22+AK22 -> 872
C23: 4 | D23: خوزستان | E23: اندیمشک، ماهشهر،کارون، بهبهان، دزفول، شوشتر، رامشیر، رامهرمز، باوی، هفتکل، شادگان، مسجدسلیمان، حمیدیه، دشت آزادگان | F23: 12 | G23: 20 | H23: =G23+F23 -> 32 | I23: 59 | J23: 6 | K23: =J23+I23 -> 65 | L23: =I23*100*250 -> 1475000 | M23: =J23*40*180 -> 43200 | N23: =M23+L23 -> 1518200 | O23: 351 | P23: 5 | Q23: =P23+O23 -> 356 | R23: =O23*100*70 -> 2457000 | S23: =P23*40*60 -> 12000 | T23: =S23+R23 -> 2469000 | U23: 3662 | V23: 264 | W23: =V23+U23 -> 3926 | X23: =U23*100*40 -> 14648000 | Y23: =V23*40*30 -> 316800 | Z23: =Y23+X23 -> 14964800 | AA23: 2496 | AB23: 404 | AC23: =AB23+AA23 -> 2900 | AD23: =AA23*100*5 -> 1248000 | AE23: =AB23*40*20 -> 323200 | AF23: =AE23+AD23 -> 1571200 | AG23: =AF23+Z23+T23+N23 -> 20523200 | AH23: =AA23+U23+O23 -> 6509 | AI23: =AB23+V23+P23 -> 673 | AJ23: =AI23+AH23 -> 7182 | AK23: 2759 | AL23: 259 | AM23: =AL23+AK23 -> 3018
C24: 5 | D24: فارس | E24: لامرد، لارستان، جهرم | F24: 3 | G24: 7 | H24: =G24+F24 -> 10 | I24: 9 | J24: 0 | K24: =J24+I24 -> 9 | L24: =I24*100*250 -> 225000 | M24: =J24*40*180 -> 0 | N24: =M24+L24 -> 225000 | O24: 156 | P24: 15 | Q24: =P24+O24 -> 171 | R24: =O24*100*70 -> 1092000 | S24: =P24*40*60 -> 36000 | T24: =S24+R24 -> 1128000 | U24: 33 | V24: 3 | W24: =V24+U24 -> 36 | X24: =U24*100*40 -> 132000 | Y24: =V24*40*30 -> 3600 | Z24: =Y24+X24 -> 135600 | AA24: 81 | AB24: 3 | AC24: =AB24+AA24 -> 84 | AD24: =AA24*100*5 -> 40500 | AE24: =AB24*40*20 -> 2400 | AF24: =AE24+AD24 -> 42900 | AG24: =AF24+Z24+T24+N24 -> 1531500 | AH24: =AA24+U24+O24 -> 270 | AI24: =AB24+V24+P24 -> 21 | AJ24: =AI24+AH24 -> 291 | AK24: 82 | AL24: 0 | AM24: =AL24+AK24 -> 82
C25: 6 | D25: قم | E25: روستاهای شهر قم | F25: 0 | G25: 3 | H25: =G25+F25 -> 3 | I25: 0 | J25: 0 | K25: =J25+I25 -> 0 | L25: =I25*100*250 -> 0 | M25: =J25*40*180 -> 0 | N25: =M25+L25 -> 0 | O25: 0 | P25: 0 | Q25: =P25+O25 -> 0 | R25: =O25*100*70 -> 0 | S25: =P25*40*60 -> 0 | T25: =S25+R25 -> 0 | U25: 21 | V25: 0 | W25: =V25+U25 -> 21 | X25: =U25*100*40 -> 84000 | Y25: =V25*40*30 -> 0 | Z25: =Y25+X25 -> 84000 | AA25: 42 | AB25: 0 | AC25: =AB25+AA25 -> 42 | AD25: =AA25*100*5 -> 21000 | AE25: =AB25*40*20 -> 0 | AF25: =AE25+AD25 -> 21000 | AG25: =AF25+Z25+T25+N25 -> 105000 | AH25: =AA25+U25+O25 -> 63 | AI25: =AB25+V25+P25 -> 0 | AJ25: =AI25+AH25 -> 63 | AK25: 0 | AL25: 0 | AM25: =AL25+AK25 -> 0
C26: 7 | D26: کرمانشاه | E26: قصرشیرین، صحنه، روانسر، سنقر، گیلانغرب، هرسین، پاوه، جوانرود، سرپل ذهاب، دالاهو، اسلام آباد، کنگاور، ثلاث | F26: 17 | G26: 9 | H26: =G26+F26 -> 26 | I26: 50 | J26: 11 | K26: =J26+I26 -> 61 | L26: =I26*100*250 -> 1250000 | M26: =J26*40*180 -> 79200 | N26: =M26+L26 -> 1329200 | O26: 236 | P26: 31 | Q26: =P26+O26 -> 267 | R26: =O26*100*70 -> 1652000 | S26: =P26*40*60 -> 74400 | T26: =S26+R26 -> 1726400 | U26: 969 | V26: 86 | W26: =V26+U26 -> 1055 | X26: =U26*100*40 -> 3876000 | Y26: =V26*40*30 -> 103200 | Z26: =Y26+X26 -> 3979200 | AA26: 8520 | AB26: 1272 | AC26: =AB26+AA26 -> 9792 | AD26: =AA26*100*5 -> 4260000 | AE26: =AB26*40*20 -> 1017600 | AF26: =AE26+AD26 -> 5277600 | AG26: =AF26+Z26+T26+N26 -> 12312400 | AH26: =AA26+U26+O26 -> 9725 | AI26: =AB26+V26+P26 -> 1389 | AJ26: =AI26+AH26 -> 11114 | AK26: 1733 | AL26: 128 | AM26: =AL26+AK26 -> 1861
C27: 8 | D27: ایلام | E27: ایلام، ایوان، آبدانان، سرابباغ، بدره، سرابله، آسمان آباد، چوار، دره شهر، ماژین دهلران، لومار، ارکواز، دلگشا، مهران، توحید | F27: 16 | G27: 3 | H27: =G27+F27 -> 19 | I27: 155 | J27: 27 | K27: =J27+I27 -> 182 | L27: =I27*100*250 -> 3875000 | M27: =J27*40*180 -> 194400 | N27: =M27+L27 -> 4069400 | O27: 403 | P27: 65 | Q27: =P27+O27 -> 468 | R27: =O27*100*70 -> 2821000 | S27: =P27*40*60 -> 156000 | T27: =S27+R27 -> 2977000 | U27: 4724 | V27: 410 | W27: =V27+U27 -> 5134 | X27: =U27*100*40 -> 18896000 | Y27: =V27*40*30 -> 492000 | Z27: =Y27+X27 -> 19388000 | AA27: 4459 | AB27: 705 | AC27: =AB27+AA27 -> 5164 | AD27: =AA27*100*5 -> 2229500 | AE27: =AB27*40*20 -> 564000 | AF27: =AE27+AD27 -> 2793500 | AG27: =AF27+Z27+T27+N27 -> 29227900 | AH27: =AA27+U27+O27 -> 9586 | AI27: =AB27+V27+P27 -> 1180 | AJ27: =AI27+AH27 -> 10766 | AK27: 3344 | AL27: 468 | AM27: =AL27+AK27 -> 3812
C28: 9 | D28: آذربایجان غربی | E28: ارومیه، سلماس، مهاباد، نقده، اشنویه، بوکان، سردشت، پیرانشهر، ماکو، تکاب، میاندوآب، شاهیندژ | F28: 13 | G28: 3 | H28: =G28+F28 -> 16 | I28: 57 | J28: 21 | K28: =J28+I28 -> 78 | L28: =I28*100*250 -> 1425000 | M28: =J28*40*180 -> 151200 | N28: =M28+L28 -> 1576200 | O28: 606 | P28: 121 | Q28: =P28+O28 -> 727 | R28: =O28*100*70 -> 4242000 | S28: =P28*40*60 -> 290400 | T28: =S28+R28 -> 4532400 | U28: 1133 | V28: 231 | W28: =V28+U28 -> 1364 | X28: =U28*100*40 -> 4532000 | Y28: =V28*40*30 -> 277200 | Z28: =Y28+X28 -> 4809200 | AA28: 5612 | AB28: 1547 | AC28: =AB28+AA28 -> 7159 | AD28: =AA28*100*5 -> 2806000 | AE28: =AB28*40*20 -> 1237600 | AF28: =AE28+AD28 -> 4043600 | AG28: =AF28+Z28+T28+N28 -> 14961400 | AH28: =AA28+U28+O28 -> 7351 | AI28: =AB28+V28+P28 -> 1899 | AJ28: =AI28+AH28 -> 9250 | AK28: 2282 | AL28: 727 | AM28: =AL28+AK28 -> 3009
C29: 10 | D29: بوشهر | E29: بوشهر، خارک، چغادک، جم، برازجان، دیر، عسلویه | F29: 8 | G29: 13 | H29: =G29+F29 -> 21 | I29: 2 | J29: 0 | K29: =J29+I29 -> 2 | L29: =I29*100*250 -> 50000 | M29: =J29*40*180 -> 0 | N29: =M29+L29 -> 50000 | O29: 14 | P29: 0 | Q29: =P29+O29 -> 14 | R29: =O29*100*70 -> 98000 | S29: =P29*40*60 -> 0 | T29: =S29+R29 -> 98000 | U29: 3194 | V29: 368 | W29: =V29+U29 -> 3562 | X29: =U29*100*40 -> 12776000 | Y29: =V29*40*30 -> 441600 | Z29: =Y29+X29 -> 13217600 | AA29: 2332 | AB29: 362 | AC29: =AB29+AA29 -> 2694 | AD29: =AA29*100*5 -> 1166000 | AE29: =AB29*40*20 -> 289600 | AF29: =AE29+AD29 -> 1455600 | AG29: =AF29+Z29+T29+N29 -> 14821200 | AH29: =AA29+U29+O29 -> 5540 | AI29: =AB29+V29+P29 -> 730 | AJ29: =AI29+AH29 -> 6270 | AK29: 1605 | AL29: 117 | AM29: =AL29+AK29 -> 1722
C30: 11 | D30: زنجان | E30: زنجان، ابهر، ایجرود | F30: 3 | G30: 3 | H30: =G30+F30 -> 6 | I30: 19 | J30: 9 | K30: =J30+I30 -> 28 | L30: =I30*100*250 -> 475000 | M30: =J30*40*180 -> 64800 | N30: =M30+L30 -> 539800 | O30: 60 | P30: 34 | Q30: =P30+O30 -> 94 | R30: =O30*100*70 -> 420000 | S30: =P30*40*60 -> 81600 | T30: =S30+R30 -> 501600 | U30: 357 | V30: 76 | W30: =V30+U30 -> 433 | X30: =U30*100*40 -> 1428000 | Y30: =V30*40*30 -> 91200 | Z30: =Y30+X30 -> 1519200 | AA30: 702 | AB30: 366 | AC30: =AB30+AA30 -> 1068 | AD30: =AA30*100*5 -> 351000 | AE30: =AB30*40*20 -> 292800 | AF30: =AE30+AD30 -> 643800 | AG30: =AF30+Z30+T30+N30 -> 3204400 | AH30: =AA30+U30+O30 -> 1119 | AI30: =AB30+V30+P30 -> 476 | AJ30: =AI30+AH30 -> 1595 | AK30: 126 | AL30: 93 | AM30: =AL30+AK30 -> 219
C31: 12 | D31: قزوین | E31: قزوین، بوئین زهرا، الوند، آبیک | F31: 4 | G31: 4 | H31: =G31+F31 -> 8 | I31: 19 | J31: 1 | K31: =J31+I31 -> 20 | L31: =I31*100*250 -> 475000 | M31: =J31*40*180 -> 7200 | N31: =M31+L31 -> 482200 | O31: 26 | P31: 11 | Q31: =P31+O31 -> 37 | R31: =O31*100*70 -> 182000 | S31: =P31*40*60 -> 26400 | T31: =S31+R31 -> 208400 | U31: 189 | V31: 28 | W31: =V31+U31 -> 217 | X31: =U31*100*40 -> 756000 | Y31: =V31*40*30 -> 33600 | Z31: =Y31+X31 -> 789600 | AA31: 439 | AB31: 58 | AC31: =AB31+AA31 -> 497 | AD31: =AA31*100*5 -> 219500 | AE31: =AB31*40*20 -> 46400 | AF31: =AE31+AD31 -> 265900 | AG31: =AF31+Z31+T31+N31 -> 1746100 | AH31: =AA31+U31+O31 -> 654 | AI31: =AB31+V31+P31 -> 97 | AJ31: =AI31+AH31 -> 751 | AK31: 345 | AL31: 34 | AM31: =AL31+AK31 -> 379
C32: 13 | D32: کردستان | E32: بانه، بیجار، دهگلان، دیواندره، سروآباد، سقز، سنندج، قروه، کامیاران، مریوان | F32: 16 | G32: 11 | H32: =G32+F32 -> 27 | I32: 100 | J32: 49 | K32: =J32+I32 -> 149 | L32: =I32*100*250 -> 2500000 | M32: =J32*40*180 -> 352800 | N32: =M32+L32 -> 2852800 | O32: 573 | P32: 93 | Q32: =P32+O32 -> 666 | R32: =O32*100*70 -> 4011000 | S32: =P32*40*60 -> 223200 | T32: =S32+R32 -> 4234200 | U32: 3032 | V32: 487 | W32: =V32+U32 -> 3519 | X32: =U32*100*40 -> 12128000 | Y32: =V32*40*30 -> 584400 | Z32: =Y32+X32 -> 12712400 | AA32: 6085 | AB32: 2734 | AC32: =AB32+AA32 -> 8819 | AD32: =AA32*100*5 -> 3042500 | AE32: =AB32*40*20 -> 2187200 | AF32: =AE32+AD32 -> 5229700 | AG32: =AF32+Z32+T32+N32 -> 25029100 | AH32: =AA32+U32+O32 -> 9690 | AI32: =AB32+V32+P32 -> 3314 | AJ32: =AI32+AH32 -> 13004 | AK32: 2471 | AL32: 482 | AM32: =AL32+AK32 -> 2953
... C43: 24 | D43: چهار محال و بختیاری | E43: فارسان | F43: 1 | G43: 0 | H43: =G43+F43 -> 1 | I43: 3 | J43: 0 | K43: =J43+I43 -> 3 | L43: =I43*100*250 -> 75000 | M43: =J43*40*180 -> 0 | N43: =M43+L43 -> 75000 | O43: 25 | P43: 0 | Q43: =P43+O43 -> 25 | R43: =O43*100*70 -> 175000 | S43: =P43*40*60 -> 0 | T43: =S43+R43 -> 175000 | U43: 49 | V43: 2 | W43: =V43+U43 -> 51 | X43: =U43*100*40 -> 196000 | Y43: =V43*40*30 -> 2400 | Z43: =Y43+X43 -> 198400 | AA43: 229 | AB43: 19 | AC43: =AB43+AA43 -> 248 | AD43: =AA43*100*5 -> 114500 | AE43: =AB43*40*20 -> 15200 | AF43: =AE43+AD43 -> 129700 | AG43: =AF43+Z43+T43+N43 -> 578100 | AH43: =AA43+U43+O43 -> 303 | AI43: =AB43+V43+P43 -> 21 | AJ43: =AI43+AH43 -> 324 | AK43: 101 | AL43: 4 | AM43: =AL43+AK43 -> 105
B44: جمع ارزیابی و برآورد اعتبار مورد نیاز سایر شهرها و روستاها | F44: =SUM(F20:F43) -> 215 | G44: =SUM(G20:G43) -> 185 | H44: =SUM(H20:H43) -> 400 | I44: =SUM(I20:I43) -> 984 | J44: =SUM(J20:J43) -> 216 | K44: =SUM(K20:K43) -> 1200 | L44: =SUM(L20:L43) -> 24600000 | M44: =SUM(M20:M43) -> 1555200 | ... AM44: =SUM(AM20:AM43) -> 27565
B46: جمع کل اعتبار مورد نیاز کلان شهرها و سایر شهرها و روستاهای کشور (میلیون ريال) | F46: =F44+F18 -> 222 | G46: =G44+G18 -> 185 | H46: =H44+H18 -> 407 | I46: =I44+I18 -> 1194 | J46: =J44+J18 -> 225 | K46: =K44+K18 -> 1419 | L46: =L44+L18 -> 29850000 | M46: =M44+M18 -> 1620000 | ... AM46: =AM44+AM18 -> 32036
E48: تعداد کل ارزیابی | I48: =K46+Q46+W46+AC46+AM46 -> 147666
B50: جمع کل تعداد ارزیابی احداثی و تعمیری کلان شهرهای کشور | I50: =K18+Q18+W18+AC18 -> 15172 | N50: کلان شهرها | O50: اعتبار مورد نیاز احداث (میلیون ريال) | U50: =N18 -> 5314800 | Z50: سایر شهرها و روستاهای کشور | AA50: اعتبار مورد نیاز احداث (میلیون ريال) | AG50: =N44 -> 26155200
B51: جمع کل تعداد ارزیابی احداثی و تعمیری در سایر شهرها و روستاهای کشور | I51: =K44+Q44+W44+AC44 -> 100458 | O51: جمع کل اعتبار مورد نیاز تعمیر(میلیون ريال) | U51: =T18+Z18+AF18 -> 28797900 | AA51: جمع کل اعتبار مورد نیاز تعمیر (میلیون ريال) | AG51: =T44+Z44+AF44 -> 190610800
B52: جمع کل تعداد واحدهای احداثی و تعمیری در کلان شهرها و سایر شهرها و روستاهای کشور | I52: =I50+I51 -> 115630 | O52: جمع کل اعتبار مورد نیاز (میلیون ريال) | U52: =U50+U51 -> 34112700 | AA52: جمع کل اعتبار مورد نیاز کل (میلیون ريال) | AG52: =AG50+AG51 -> 216766000
E54: کل اعتبار مورد نیاز بازسازی واحدهای احداثی و مقاوم سازی و تعمیری (میلیون ريال) | O54: =U52+AG52 -> 250878700 | V54: توضیحات: | X54: فرم های ارزیابی در کلان شهرهای تبریز، اصفهان، اهواز، شیراز، قم و کرج تحویل شهرداریهای مربوطه گردید . در کلان شهر کرمانشاه مدیریت ارزیابی و بازسازی ساختمانهای آسیب دیده، توسط بنیاد مسکن استان انجام می گیرد.
